Match,Teams,Auto Leave,Auto Coral L4,Auto Coral L3,Auto Coral L2,Auto Coral L1,Teleop Coral L4,Teleop Coral L3,Teleop Coral L2,Teleop Coral L1,Processor Algae,Net Algae,Endgame,Fouls,Adjustments,Total Score,Result
Quals 1 - Shanghai Regional 2025,10000,3,8.61,4.99,1.62,1.25,12.35,11.48,6.24,3.24,0.00,0.00,0,0.00,0.00,52.78,Win
Quals 1 - Shanghai Regional 2025,4613,3,4.92,2.85,0.93,0.71,7.06,6.56,3.56,1.85,0.00,0.00,12,0.00,0.00,43.44,Win
Quals 1 - Shanghai Regional 2025,5516,3,7.17,4.16,1.35,1.04,10.29,9.56,5.20,2.70,0.00,0.00,2,0.00,0.00,46.47,Win
Quals 1 - Shanghai Regional 2025,5849,0,0.00,0.00,0.00,1.06,9.64,2.81,0.53,0.00,0.00,0.00,0,0.00,0.00,14.04,Loss
Quals 1 - Shanghai Regional 2025,10120,3,0.00,0.00,0.00,2.12,19.27,5.61,1.06,0.00,0.00,0.00,12,0.00,0.00,43.06,Loss
Quals 1 - Shanghai Regional 2025,10479,3,0.00,0.00,0.00,2.82,25.69,7.48,1.41,0.00,0.00,0.00,0,0.00,0.00,40.40,Loss
Quals 2 - Shanghai Regional 2025,10558,3,0.00,0.00,0.00,0.00,0.00,0.00,2.36,6.95,4.71,0.00,2,-2.36,0.00,16.66,Loss
Quals 2 - Shanghai Regional 2025,8810,3,0.00,0.00,0.00,0.00,0.00,0.00,1.96,5.79,3.93,0.00,0,-1.96,0.00,12.72,Loss
Quals 2 - Shanghai Regional 2025,6766,3,0.00,0.00,0.00,0.00,0.00,0.00,1.68,4.96,3.36,0.00,0,-1.68,0.00,11.32,Loss
Quals 2 - Shanghai Regional 2025,7522,3,2.48,0.00,0.00,0.00,17.77,11.42,0.00,0.75,0.00,2.80,2,0.00,0.00,40.22,Win
Quals 2 - Shanghai Regional 2025,10541,3,2.36,0.00,0.00,0.00,16.92,10.87,0.00,0.72,0.00,2.67,12,0.00,0.00,48.54,Win
Quals 2 - Shanghai Regional 2025,7594,3,2.06,0.00,0.00,0.00,14.81,9.51,0.00,0.63,0.00,2.33,0,0.00,0.00,32.34,Win
Quals 3 - Shanghai Regional 2025,5823,3,5.25,0.00,0.00,0.00,20.79,7.54,5.71,0.00,0.00,0.00,2,0.00,0.00,44.29,Win
Quals 3 - Shanghai Regional 2025,5449,3,5.04,0.00,0.00,0.00,19.96,7.24,5.48,0.00,0.00,0.00,12,0.00,0.00,52.72,Win
Quals 3 - Shanghai Regional 2025,10526,0,3.50,0.00,0.00,0.00,13.86,5.03,3.81,0.00,0.00,0.00,0,0.00,0.00,26.20,Win
Quals 3 - Shanghai Regional 2025,7002,3,1.90,0.00,0.00,0.00,6.79,0.00,0.00,1.08,0.00,0.00,0,-3.31,0.00,9.46,Loss
Quals 3 - Shanghai Regional 2025,6494,3,1.67,0.00,0.00,0.00,5.94,0.00,0.00,0.94,0.00,0.00,2,-2.90,0.00,10.65,Loss
Quals 3 - Shanghai Regional 2025,9635,3,3.33,0.00,0.00,0.00,11.88,0.00,0.00,1.88,0.00,0.00,2,-5.79,0.00,16.30,Loss
Quals 4 - Shanghai Regional 2025,8015,3,0.00,0.00,1.23,0.00,7.77,0.00,0.95,4.36,0.00,1.23,2,-2.56,0.00,17.98,Loss
Quals 4 - Shanghai Regional 2025,10131,0,0.00,0.00,1.23,0.00,7.77,0.00,0.95,4.36,0.00,1.23,2,-2.56,0.00,14.98,Loss
Quals 4 - Shanghai Regional 2025,8613,3,0.00,0.00,1.44,0.00,9.06,0.00,1.11,5.08,0.00,1.44,2,-2.98,0.00,20.15,Loss
Quals 4 - Shanghai Regional 2025,6940,3,10.68,0.00,0.00,0.00,22.99,15.33,4.65,0.00,2.32,0.00,12,0.00,0.00,70.97,Win
Quals 4 - Shanghai Regional 2025,6706,3,8.90,0.00,0.00,0.00,19.16,12.77,3.87,0.00,1.94,0.00,2,0.00,0.00,51.64,Win
Quals 4 - Shanghai Regional 2025,9599,3,8.01,0.00,0.00,0.00,17.25,11.50,3.48,0.00,1.74,0.00,2,0.00,0.00,46.98,Win
Quals 6 - Shanghai Regional 2025,5515,3,4.10,0.00,0.00,0.89,16.24,7.05,0.00,0.00,0.00,3.57,0,0.00,0.00,34.85,Win
Quals 6 - Shanghai Regional 2025,8214,3,6.57,0.00,0.00,1.43,25.99,11.28,0.00,0.00,0.00,5.71,12,0.00,0.00,65.98,Win
Quals 6 - Shanghai Regional 2025,8011,3,3.13,0.00,0.00,0.68,12.37,5.37,0.00,0.00,0.00,2.72,12,0.00,0.00,39.27,Win
Quals 6 - Shanghai Regional 2025,7413,3,1.11,0.00,0.00,0.00,7.97,0.63,0.00,0.00,0.00,0.00,0,-0.34,0.00,12.37,Loss
Quals 6 - Shanghai Regional 2025,6941,3,3.89,0.00,0.00,0.00,27.88,2.20,0.00,0.00,0.00,0.00,2,-1.18,0.00,37.79,Loss
Quals 6 - Shanghai Regional 2025,7738,3,1.90,0.00,0.00,0.00,13.66,1.08,0.00,0.00,0.00,0.00,2,-0.58,0.00,21.06,Loss
Quals 7 - Shanghai Regional 2025,9597,3,5.76,0.00,0.00,0.00,14.52,5.01,1.25,2.50,0.00,0.00,2,0.00,0.00,34.04,Win
Quals 7 - Shanghai Regional 2025,6487,3,5.48,0.00,0.00,0.00,13.83,4.77,1.19,2.38,0.00,0.00,2,0.00,0.00,32.65,Win
Quals 7 - Shanghai Regional 2025,6304,3,2.56,0.00,0.00,0.00,6.45,2.23,0.56,1.11,0.00,0.00,2,0.00,0.00,17.91,Win
Quals 7 - Shanghai Regional 2025,10486,0,0.00,0.00,0.00,0.00,4.42,0.00,0.00,0.89,0.00,0.00,0,0.00,0.00,5.31,Loss
Quals 7 - Shanghai Regional 2025,10016,3,0.00,0.00,0.00,0.00,17.69,0.00,0.00,3.57,0.00,0.00,2,0.00,0.00,26.26,Loss
Quals 7 - Shanghai Regional 2025,10214,3,0.00,0.00,0.00,0.00,7.58,0.00,0.00,1.53,0.00,0.00,2,0.00,0.00,14.11,Loss
Quals 8 - Shanghai Regional 2025,6494,3,0.00,0.00,0.75,0.00,0.00,6.85,0.58,0.40,0.00,0.00,2,0.00,0.00,13.58,Loss
Quals 8 - Shanghai Regional 2025,7594,3,0.00,0.00,1.87,0.00,0.00,17.12,1.44,1.01,0.00,0.00,0,0.00,0.00,24.44,Loss
Quals 8 - Shanghai Regional 2025,4613,3,0.00,0.00,1.28,0.00,0.00,11.74,0.99,0.69,0.00,0.00,2,0.00,0.00,19.70,Loss
Quals 8 - Shanghai Regional 2025,10541,3,0.00,0.00,1.86,1.43,0.00,11.29,7.14,2.86,0.00,0.00,12,-3.86,0.00,35.72,Win
Quals 8 - Shanghai Regional 2025,6907,3,0.00,0.00,1.30,1.00,0.00,7.90,5.00,2.00,0.00,0.00,0,-2.70,0.00,17.50,Win
Quals 8 - Shanghai Regional 2025,7002,3,0.00,0.00,0.74,0.57,0.00,4.51,2.86,1.14,0.00,0.00,2,-1.54,0.00,13.28,Win
Quals 10 - Shanghai Regional 2025,6353,3,1.35,0.00,0.00,0.00,3.86,1.52,0.00,2.34,3.45,2.34,2,0.00,0.00,19.86,Loss
Quals 10 - Shanghai Regional 2025,9599,3,3.53,0.00,0.00,0.00,10.14,4.00,0.00,6.15,9.07,6.15,2,0.00,0.00,44.04,Loss
Quals 10 - Shanghai Regional 2025,8015,3,2.02,0.00,0.00,0.00,5.80,2.28,0.00,3.51,5.18,3.51,2,0.00,0.00,27.30,Loss
Quals 10 - Shanghai Regional 2025,6766,3,0.00,0.00,0.00,0.64,4.22,4.22,0.64,0.45,5.05,1.66,0,0.00,0.00,19.88,Win
Quals 10 - Shanghai Regional 2025,5823,3,0.00,0.00,0.00,1.24,8.20,8.20,1.24,0.87,9.82,3.23,12,0.00,0.00,47.80,Win
Quals 10 - Shanghai Regional 2025,10000,3,0.00,0.00,0.00,1.12,7.38,7.38,1.12,0.78,8.83,2.91,2,0.00,0.00,34.52,Win
Quals 11 - Shanghai Regional 2025,6941,3,7.85,0.00,0.00,0.00,15.01,7.51,5.69,0.80,0.00,1.48,12,0.00,0.00,53.34,Win
Quals 11 - Shanghai Regional 2025,6414,3,5.38,0.00,0.00,0.00,10.29,5.15,3.90,0.55,0.00,1.01,2,0.00,0.00,31.28,Win
Quals 11 - Shanghai Regional 2025,6706,3,7.47,0.00,0.00,0.00,14.30,7.15,5.42,0.76,0.00,1.41,2,0.00,0.00,41.51,Win
Quals 11 - Shanghai Regional 2025,7413,3,0.00,0.00,0.00,0.00,3.96,3.18,0.60,0.00,1.20,0.00,2,0.00,0.00,13.94,Loss
Quals 11 - Shanghai Regional 2025,8810,3,0.00,0.00,0.00,0.00,7.92,6.36,1.20,0.00,2.40,0.00,2,0.00,0.00,22.88,Loss
Quals 11 - Shanghai Regional 2025,10120,3,0.00,0.00,0.00,0.00,7.92,6.36,1.20,0.00,2.40,0.00,0,0.00,0.00,20.88,Loss
Quals 12 - Shanghai Regional 2025,10486,0,1.92,0.00,0.00,0.42,7.61,0.00,0.00,0.00,0.00,1.09,0,-0.29,0.00,10.75,Win
Quals 12 - Shanghai Regional 2025,7738,0,4.95,0.00,0.00,1.08,19.58,0.00,0.00,0.00,0.00,2.80,2,-0.75,0.00,29.66,Win
Quals 12 - Shanghai Regional 2025,8214,3,6.93,0.00,0.00,1.51,27.41,0.00,0.00,0.00,0.00,3.92,2,-1.05,0.00,43.72,Win
Quals 12 - Shanghai Regional 2025,6394,3,1.75,0.00,0.00,0.00,3.76,2.02,0.00,0.00,0.76,0.00,2,-0.76,0.00,12.53,Loss
Quals 12 - Shanghai Regional 2025,10526,3,6.80,0.00,0.00,0.00,14.64,7.84,0.00,0.00,2.96,0.00,0,-2.96,0.00,32.28,Loss
Quals 12 - Shanghai Regional 2025,10131,3,5.25,0.00,0.00,0.00,11.29,6.05,0.00,0.00,2.28,0.00,2,-2.28,0.00,27.59,Loss
Quals 13 - Shanghai Regional 2025,10214,3,0.00,0.00,0.00,1.30,12.84,0.00,0.00,0.00,0.00,0.00,2,-4.28,0.00,14.86,Loss
Quals 13 - Shanghai Regional 2025,5515,3,0.00,0.00,0.00,1.70,16.86,0.00,0.00,0.00,0.00,0.00,0,-5.62,0.00,15.94,Loss
Quals 13 - Shanghai Regional 2025,7047,3,0.00,0.00,0.00,0.00,0.00,0.00,0.00,0.00,0.00,0.00,0,-0.00,0.00,3.00,Loss
Quals 13 - Shanghai Regional 2025,10016,3,3.17,0.00,1.79,0.00,11.29,9.09,8.12,0.96,0.00,1.79,2,0.00,0.00,41.21,Win
Quals 13 - Shanghai Regional 2025,8011,3,1.36,0.00,0.77,0.00,4.84,3.90,3.48,0.41,0.00,0.77,12,0.00,0.00,30.53,Win
Quals 13 - Shanghai Regional 2025,6907,3,2.38,0.00,1.34,0.00,8.47,6.82,6.09,0.72,0.00,1.34,0,0.00,0.00,30.16,Win
Quals 14 - Shanghai Regional 2025,9597,3,9.35,0.00,0.00,0.00,26.83,7.18,6.77,0.00,0.00,0.00,0,-0.95,0.00,52.18,Win
Quals 14 - Shanghai Regional 2025,5516,3,7.79,0.00,0.00,0.00,22.35,5.98,5.65,0.00,0.00,0.00,0,-0.79,0.00,43.98,Win
Quals 14 - Shanghai Regional 2025,10438,3,3.56,0.00,0.00,0.00,10.22,2.74,2.58,0.00,0.00,0.00,0,-0.36,0.00,21.74,Win
Quals 14 - Shanghai Regional 2025,7522,3,4.14,3.60,0.00,0.00,23.76,11.88,9.00,2.34,0.00,0.00,2,0.00,0.00,59.72,Loss
Quals 14 - Shanghai Regional 2025,6433,0,0.00,0.00,0.00,0.00,0.00,0.00,0.00,0.00,0.00,0.00,0,0.00,0.00,0.00,Loss
Quals 14 - Shanghai Regional 2025,8613,3,2.76,2.40,0.00,0.00,15.84,7.92,6.00,1.56,0.00,0.00,12,0.00,0.00,51.48,Loss
Quals 15 - Shanghai Regional 2025,6487,3,6.94,0.00,0.00,0.00,18.30,4.02,0.00,2.01,5.93,0.00,2,0.00,0.00,42.20,Win
Quals 15 - Shanghai Regional 2025,10479,3,6.48,0.00,0.00,0.00,17.08,3.75,0.00,1.88,5.54,0.00,2,0.00,0.00,39.73,Win
Quals 15 - Shanghai Regional 2025,9599,3,7.29,0.00,0.00,0.00,19.22,4.22,0.00,2.11,6.23,0.00,0,0.00,0.00,42.07,Win
Quals 15 - Shanghai Regional 2025,6304,3,3.45,0.00,0.00,0.00,8.70,1.95,0.00,1.95,0.00,0.97,2,0.00,0.00,22.02,Loss
Quals 15 - Shanghai Regional 2025,6353,3,2.96,0.00,0.00,0.00,7.46,1.67,0.00,1.67,0.00,0.84,2,0.00,0.00,19.60,Loss
Quals 15 - Shanghai Regional 2025,10541,3,7.39,0.00,0.00,0.00,18.64,4.18,0.00,4.18,0.00,2.09,12,0.00,0.00,51.48,Loss
Quals 16 - Shanghai Regional 2025,6414,3,0.00,2.82,1.83,0.00,0.00,11.12,7.04,0.99,0.00,0.00,2,0.00,0.00,28.80,Loss
Quals 16 - Shanghai Regional 2025,5849,3,0.00,1.17,0.76,0.00,0.00,4.63,2.93,0.41,0.00,0.00,2,0.00,0.00,14.90,Loss
Quals 16 - Shanghai Regional 2025,4613,3,0.00,2.01,1.31,0.00,0.00,7.94,5.03,0.70,0.00,0.00,12,0.00,0.00,31.99,Loss
Quals 16 - Shanghai Regional 2025,8015,3,3.81,0.00,0.00,0.00,13.66,0.00,0.00,1.66,0.00,0.00,2,0.00,0.00,24.13,Win
Quals 16 - Shanghai Regional 2025,7594,0,5.55,0.00,0.00,0.00,19.91,0.00,0.00,2.41,0.00,0.00,0,0.00,0.00,27.87,Win
Quals 16 - Shanghai Regional 2025,9635,3,4.44,0.00,0.00,0.00,15.93,0.00,0.00,1.93,0.00,0.00,2,0.00,0.00,27.30,Win
Quals 17 - Shanghai Regional 2025,7002,0,0.00,0.00,0.00,0.00,0.00,0.00,0.00,0.00,1.51,0.00,0,0.00,0.00,1.51,Loss
Quals 17 - Shanghai Regional 2025,7413,3,0.00,0.00,0.00,0.00,0.00,0.00,0.00,0.00,1.32,0.00,2,0.00,0.00,6.32,Loss
Quals 17 - Shanghai Regional 2025,10558,3,0.00,0.00,0.00,0.00,0.00,0.00,0.00,0.00,3.17,0.00,0,0.00,0.00,6.17,Loss
Quals 17 - Shanghai Regional 2025,10526,3,5.87,0.00,0.00,2.55,10.47,3.32,7.53,3.32,0.00,1.66,0,0.00,0.00,37.72,Win
Quals 17 - Shanghai Regional 2025,6494,3,2.64,0.00,0.00,1.15,4.71,1.49,3.39,1.49,0.00,0.75,0,0.00,0.00,18.62,Win
Quals 17 - Shanghai Regional 2025,10120,3,5.29,0.00,0.00,2.30,9.42,2.99,6.78,2.99,0.00,1.49,12,0.00,0.00,46.26,Win
Quals 19 - Shanghai Regional 2025,5823,3,5.52,0.00,0.00,0.00,23.76,9.48,0.00,1.56,0.00,0.00,2,0.00,0.00,45.32,Win
Quals 19 - Shanghai Regional 2025,5515,3,2.48,0.00,0.00,0.00,10.69,4.27,0.00,0.70,0.00,0.00,0,0.00,0.00,21.14,Win
Quals 19 - Shanghai Regional 2025,6941,3,5.80,0.00,0.00,0.00,24.95,9.95,0.00,1.64,0.00,0.00,12,0.00,0.00,57.34,Win
Quals 19 - Shanghai Regional 2025,10438,3,2.98,0.00,0.00,0.00,11.81,3.44,0.65,0.00,0.00,0.00,2,-1.30,0.00,22.58,Loss
Quals 19 - Shanghai Regional 2025,7522,3,7.83,0.00,0.00,0.00,30.99,9.02,1.70,0.00,0.00,0.00,2,-3.41,0.00,51.13,Loss
Quals 19 - Shanghai Regional 2025,10214,3,2.98,0.00,0.00,0.00,11.81,3.44,0.65,0.00,0.00,0.00,0,-1.30,0.00,20.58,Loss
Quals 20 - Shanghai Regional 2025,6394,3,3.30,0.00,0.00,0.00,7.09,3.80,0.36,0.25,2.83,0.00,2,-0.72,0.00,21.91,Loss
Quals 20 - Shanghai Regional 2025,5516,3,14.42,0.00,0.00,0.00,31.03,16.61,1.57,1.10,12.38,0.00,0,-3.13,0.00,76.98,Loss
Quals 20 - Shanghai Regional 2025,6766,3,9.89,0.00,0.00,0.00,21.28,11.39,1.07,0.75,8.49,0.00,2,-2.15,0.00,55.72,Loss
Quals 20 - Shanghai Regional 2025,6487,3,8.28,0.00,0.00,0.00,11.88,7.11,4.50,4.77,0.00,4.77,2,0.00,0.00,46.31,Win
Quals 20 - Shanghai Regional 2025,10016,3,7.73,0.00,0.00,0.00,11.09,6.64,4.20,4.45,0.00,4.45,0,0.00,0.00,41.56,Win
Quals 20 - Shanghai Regional 2025,6940,3,11.59,0.00,0.00,0.00,16.63,9.95,6.30,6.68,0.00,6.68,12,0.00,0.00,72.83,Win
Quals 22 - Shanghai Regional 2025,10131,3,0.00,0.00,1.42,1.09,14.40,4.36,1.09,0.76,0.00,0.00,2,-0.76,0.00,27.36,Loss
Quals 22 - Shanghai Regional 2025,5849,3,0.00,0.00,0.83,0.64,8.40,2.55,0.64,0.45,0.00,0.00,0,-0.45,0.00,16.06,Loss
Quals 22 - Shanghai Regional 2025,6907,3,0.00,0.00,1.65,1.27,16.80,5.09,1.27,0.89,0.00,0.00,2,-0.89,0.00,31.08,Loss
Quals 22 - Shanghai Regional 2025,10120,3,0.00,0.00,0.00,1.95,12.89,5.18,0.98,0.00,0.00,0.00,2,0.00,0.00,26.00,Win
Quals 22 - Shanghai Regional 2025,6353,3,0.00,0.00,0.00,1.12,7.37,2.96,0.56,0.00,0.00,0.00,2,0.00,0.00,17.01,Win
Quals 22 - Shanghai Regional 2025,9597,3,0.00,0.00,0.00,2.93,19.34,7.77,1.47,0.00,0.00,0.00,0,0.00,0.00,34.51,Win
Quals 23 - Shanghai Regional 2025,5449,3,9.39,0.00,0.00,0.00,11.15,8.98,6.80,2.72,2.72,0.00,12,0.00,0.00,56.76,Win
Quals 23 - Shanghai Regional 2025,7413,3,2.93,0.00,0.00,0.00,3.49,2.81,2.13,0.85,0.85,0.00,2,0.00,0.00,18.06,Win
Quals 23 - Shanghai Regional 2025,10541,3,8.38,0.00,0.00,0.00,9.96,8.02,6.07,2.43,2.43,0.00,0,0.00,0.00,40.29,Win
Quals 23 - Shanghai Regional 2025,7047,3,0.00,0.00,0.00,0.00,0.00,0.00,0.00,0.00,0.00,0.00,2,0.00,0.00,5.00,Loss
Quals 23 - Shanghai Regional 2025,8015,3,4.14,0.00,0.00,0.00,14.76,0.00,0.00,1.26,0.00,2.34,2,0.00,0.00,27.50,Loss
Quals 23 - Shanghai Regional 2025,7002,3,2.76,0.00,0.00,0.00,9.84,0.00,0.00,0.84,0.00,1.56,0,0.00,0.00,18.00,Loss
Quals 24 - Shanghai Regional 2025,10479,3,0.00,0.00,0.00,0.00,18.28,0.00,0.00,0.00,3.69,4.80,2,-3.69,0.00,28.08,Loss
Quals 24 - Shanghai Regional 2025,10486,3,0.00,0.00,0.00,0.00,4.57,0.00,0.00,0.00,0.92,1.20,2,-0.92,0.00,10.77,Loss
Quals 24 - Shanghai Regional 2025,6494,0,0.00,0.00,0.00,0.00,6.85,0.00,0.00,0.00,1.38,1.80,2,-1.38,0.00,10.65,Loss
Quals 24 - Shanghai Regional 2025,6414,3,2.40,0.00,0.00,0.00,10.33,6.89,1.04,2.09,4.17,1.36,2,0.00,0.00,33.28,Win
Quals 24 - Shanghai Regional 2025,9599,3,3.00,0.00,0.00,0.00,12.91,8.61,1.30,2.61,5.22,1.70,0,0.00,0.00,38.35,Win
Quals 24 - Shanghai Regional 2025,5515,3,1.50,0.00,0.00,0.00,6.46,4.30,0.65,1.30,2.61,0.85,0,0.00,0.00,20.67,Win
Quals 25 - Shanghai Regional 2025,10526,3,6.65,0.00,0.00,0.72,13.16,10.48,0.72,0.00,0.00,0.00,2,0.00,0.00,36.73,Win
Quals 25 - Shanghai Regional 2025,6940,3,11.97,0.00,0.00,1.30,23.68,18.87,1.30,0.00,0.00,0.00,12,0.00,0.00,72.12,Win
Quals 25 - Shanghai Regional 2025,7522,3,8.98,0.00,0.00,0.98,17.76,14.15,0.98,0.00,0.00,0.00,2,0.00,0.00,47.85,Win
Quals 25 - Shanghai Regional 2025,8214,3,9.50,0.00,1.34,0.00,15.39,9.50,5.16,1.34,0.00,4.13,0,-0.72,0.00,48.64,Loss
Quals 25 - Shanghai Regional 2025,4613,3,6.79,0.00,0.96,0.00,10.99,6.79,3.69,0.96,0.00,2.95,12,-0.52,0.00,47.61,Loss
Quals 25 - Shanghai Regional 2025,6487,3,11.31,0.00,1.60,0.00,18.32,11.31,6.15,1.60,0.00,4.92,2,-0.86,0.00,59.35,Loss
Quals 26 - Shanghai Regional 2025,8011,3,1.88,0.00,0.00,0.00,4.09,0.00,0.00,0.00,0.00,0.00,12,-0.57,0.00,20.40,Loss
Quals 26 - Shanghai Regional 2025,6766,3,2.82,0.00,0.00,0.00,6.14,0.00,0.00,0.00,0.00,0.00,0,-0.86,0.00,11.10,Loss
Quals 26 - Shanghai Regional 2025,6304,3,2.20,0.00,0.00,0.00,4.77,0.00,0.00,0.00,0.00,0.00,2,-0.67,0.00,11.30,Loss
Quals 26 - Shanghai Regional 2025,9635,3,4.26,0.00,0.00,0.00,15.29,8.52,0.00,0.65,0.00,4.91,0,-0.65,0.00,35.98,Win
Quals 26 - Shanghai Regional 2025,10438,3,2.44,0.00,0.00,0.00,8.74,4.87,0.00,0.37,0.00,2.81,2,-0.37,0.00,23.86,Win
Quals 26 - Shanghai Regional 2025,6706,3,7.10,0.00,0.00,0.00,25.48,14.21,0.00,1.08,0.00,8.18,0,-1.08,0.00,57.97,Win
Quals 27 - Shanghai Regional 2025,5516,3,6.61,0.00,0.00,0.96,7.85,5.07,0.00,1.24,0.00,0.00,2,0.00,0.00,26.73,Win
Quals 27 - Shanghai Regional 2025,5823,3,8.81,0.00,0.00,1.28,10.47,6.77,0.00,1.66,0.00,0.00,2,0.00,0.00,33.99,Win
Quals 27 - Shanghai Regional 2025,8810,3,5.29,0.00,0.00,0.77,6.28,4.06,0.00,1.00,0.00,0.00,2,0.00,0.00,22.40,Win
Quals 27 - Shanghai Regional 2025,7738,3,1.84,0.00,0.00,0.00,13.20,0.00,0.00,1.04,0.00,0.00,2,0.00,0.00,21.08,Loss
Quals 27 - Shanghai Regional 2025,9597,3,3.22,0.00,0.00,0.00,23.10,0.00,0.00,1.82,0.00,0.00,0,0.00,0.00,31.14,Loss
Quals 27 - Shanghai Regional 2025,10131,3,1.84,0.00,0.00,0.00,13.20,0.00,0.00,1.04,0.00,0.00,2,0.00,0.00,21.08,Loss
Quals 28 - Shanghai Regional 2025,6907,3,2.08,0.00,1.17,0.90,7.41,5.96,5.33,2.98,0.00,0.00,0,0.00,0.00,28.83,Win
Quals 28 - Shanghai Regional 2025,6941,3,3.64,0.00,2.05,1.58,12.96,10.43,9.33,5.22,0.00,0.00,2,0.00,0.00,50.21,Win
Quals 28 - Shanghai Regional 2025,10214,3,1.19,0.00,0.67,0.52,4.23,3.41,3.05,1.70,0.00,0.00,2,0.00,0.00,19.77,Win
Quals 28 - Shanghai Regional 2025,7594,3,0.00,0.00,1.92,0.00,0.00,13.61,2.96,1.04,0.00,0.00,0,-5.92,0.00,16.61,Loss
Quals 28 - Shanghai Regional 2025,6394,3,0.00,0.00,0.44,0.00,0.00,3.11,0.68,0.24,0.00,0.00,0,-1.35,0.00,6.12,Loss
Quals 28 - Shanghai Regional 2025,8613,3,0.00,0.00,1.54,0.00,0.00,10.88,2.37,0.83,0.00,0.00,2,-4.73,0.00,15.89,Loss
Quals 30 - Shanghai Regional 2025,7522,3,9.06,0.00,0.00,0.00,25.99,8.66,0.00,0.92,0.00,0.00,2,-2.62,0.00,47.01,Win
Quals 30 - Shanghai Regional 2025,6487,3,8.62,0.00,0.00,0.00,24.75,8.25,0.00,0.87,0.00,0.00,2,-2.50,0.00,44.99,Win
Quals 30 - Shanghai Regional 2025,5849,3,3.02,0.00,0.00,0.00,8.66,2.89,0.00,0.31,0.00,0.00,2,-0.87,0.00,19.01,Win
Quals 30 - Shanghai Regional 2025,5449,3,6.55,0.00,0.00,0.00,23.49,7.55,0.00,0.00,0.00,0.00,12,0.00,0.00,52.59,Loss
Quals 30 - Shanghai Regional 2025,7002,3,2.34,0.00,0.00,0.00,8.39,2.69,0.00,0.00,0.00,0.00,2,0.00,0.00,18.42,Loss
Quals 30 - Shanghai Regional 2025,6414,3,4.91,0.00,0.00,0.00,17.62,5.66,0.00,0.00,0.00,0.00,0,0.00,0.00,31.19,Loss
Quals 31 - Shanghai Regional 2025,6353,3,4.60,0.00,0.00,0.00,6.60,3.95,2.50,1.65,0.00,0.00,2,0.00,0.00,24.30,Win
Quals 31 - Shanghai Regional 2025,6766,3,6.90,0.00,0.00,0.00,9.90,5.93,3.75,2.47,0.00,0.00,2,0.00,0.00,33.95,Win
Quals 31 - Shanghai Regional 2025,6940,3,16.10,0.00,0.00,0.00,23.10,13.83,8.75,5.77,0.00,0.00,2,0.00,0.00,72.55,Win
Quals 31 - Shanghai Regional 2025,5515,3,0.00,0.00,0.00,0.00,7.75,0.00,0.00,1.53,0.00,0.00,0,0.00,0.00,12.28,Loss
Quals 31 - Shanghai Regional 2025,6494,0,0.00,0.00,0.00,0.00,5.17,0.00,0.00,1.02,0.00,0.00,0,0.00,0.00,6.19,Loss
Quals 31 - Shanghai Regional 2025,6304,3,0.00,0.00,0.00,0.00,6.89,0.00,0.00,1.36,0.00,0.00,2,0.00,0.00,13.25,Loss
Quals 32 - Shanghai Regional 2025,9599,3,2.48,0.00,0.00,1.08,8.86,4.32,4.32,3.56,2.16,0.00,0,0.00,0.00,29.78,Win
Quals 32 - Shanghai Regional 2025,10120,3,1.66,0.00,0.00,0.72,5.90,2.88,2.88,2.38,1.44,0.00,12,0.00,0.00,32.86,Win
Quals 32 - Shanghai Regional 2025,5823,3,2.76,0.00,0.00,1.20,9.84,4.80,4.80,3.96,2.40,0.00,2,0.00,0.00,34.76,Win
Quals 32 - Shanghai Regional 2025,8810,3,0.00,0.00,0.00,0.00,6.30,2.48,0.00,0.00,0.00,2.48,0,0.00,0.00,14.26,Loss
Quals 32 - Shanghai Regional 2025,7047,3,0.00,0.00,0.00,0.00,0.00,0.00,0.00,0.00,0.00,0.00,2,0.00,0.00,5.00,Loss
Quals 32 - Shanghai Regional 2025,8011,3,0.00,0.00,0.00,0.00,3.60,1.42,0.00,0.00,0.00,1.42,0,0.00,0.00,9.44,Loss
Quals 33 - Shanghai Regional 2025,10438,3,0.00,0.00,0.00,0.00,6.02,0.79,0.00,0.00,0.00,1.58,2,-1.64,0.00,11.75,Loss
Quals 33 - Shanghai Regional 2025,6907,3,0.00,0.00,0.00,0.00,10.53,1.38,0.00,0.00,0.00,2.76,2,-2.87,0.00,16.80,Loss
Quals 33 - Shanghai Regional 2025,7594,3,0.00,0.00,0.00,0.00,13.16,1.73,0.00,0.00,0.00,3.46,2,-3.59,0.00,19.76,Loss
Quals 33 - Shanghai Regional 2025,7413,3,2.65,0.00,0.00,0.00,11.39,0.00,0.00,0.00,2.30,0.00,2,-0.40,0.00,20.94,Win
Quals 33 - Shanghai Regional 2025,10131,3,4.54,0.00,0.00,0.00,19.53,0.00,0.00,0.00,3.95,0.00,2,-0.69,0.00,32.33,Win
Quals 33 - Shanghai Regional 2025,5516,3,6.62,0.00,0.00,0.00,28.48,0.00,0.00,0.00,5.75,0.00,0,-1.01,0.00,42.84,Win
Quals 34 - Shanghai Regional 2025,9597,3,4.39,0.00,0.00,0.00,28.45,10.12,0.00,0.00,3.82,0.00,0,0.00,0.00,49.78,Loss
Quals 34 - Shanghai Regional 2025,10214,3,1.67,0.00,0.00,0.00,10.84,3.85,0.00,0.00,1.45,0.00,2,0.00,0.00,22.81,Loss
Quals 34 - Shanghai Regional 2025,6394,3,0.84,0.00,0.00,0.00,5.42,1.93,0.00,0.00,0.73,0.00,2,0.00,0.00,13.92,Loss
Quals 34 - Shanghai Regional 2025,4613,3,1.59,2.76,0.90,0.00,8.01,7.32,3.45,0.00,0.00,0.90,12,0.00,0.00,39.93,Win
Quals 34 - Shanghai Regional 2025,6706,3,3.09,5.37,1.75,0.00,15.58,14.23,6.71,0.00,0.00,1.75,0,0.00,0.00,51.48,Win
Quals 34 - Shanghai Regional 2025,10558,3,2.22,3.87,1.26,0.00,11.21,10.25,4.83,0.00,0.00,1.26,2,0.00,0.00,39.90,Win
Quals 35 - Shanghai Regional 2025,10541,3,11.14,0.00,0.00,0.00,22.04,3.15,0.00,0.00,0.00,6.42,12,-2.42,0.00,55.33,Loss
Quals 35 - Shanghai Regional 2025,9635,3,7.80,0.00,0.00,0.00,15.43,2.20,0.00,0.00,0.00,4.49,2,-1.70,0.00,33.22,Loss
Quals 35 - Shanghai Regional 2025,10526,3,8.66,0.00,0.00,0.00,17.14,2.45,0.00,0.00,0.00,4.99,2,-1.88,0.00,36.36,Loss
Quals 35 - Shanghai Regional 2025,6941,3,2.84,0.00,0.00,0.00,22.48,8.15,6.18,1.61,0.00,0.00,2,0.00,0.00,46.26,Win
Quals 35 - Shanghai Regional 2025,8613,3,1.62,0.00,0.00,0.00,12.85,4.66,3.53,0.92,0.00,0.00,12,0.00,0.00,38.58,Win
Quals 35 - Shanghai Regional 2025,10000,3,2.44,0.00,0.00,0.00,19.27,6.99,5.29,1.38,0.00,0.00,2,0.00,0.00,40.37,Win
Quals 36 - Shanghai Regional 2025,10479,3,0.00,0.00,0.00,0.00,13.17,0.00,0.00,5.22,0.00,0.00,2,0.00,0.00,23.39,Win
Quals 36 - Shanghai Regional 2025,7738,3,0.00,0.00,0.00,0.00,8.46,0.00,0.00,3.36,0.00,0.00,2,0.00,0.00,16.82,Win
Quals 36 - Shanghai Regional 2025,10016,3,0.00,0.00,0.00,0.00,13.17,0.00,0.00,5.22,0.00,0.00,0,0.00,0.00,21.39,Win
Quals 36 - Shanghai Regional 2025,6433,0,0.00,0.00,0.00,0.00,0.00,0.00,0.00,0.00,0.00,0.00,2,-0.00,0.00,2.00,Loss
Quals 36 - Shanghai Regional 2025,8214,3,14.61,0.00,0.00,0.00,10.59,0.00,0.00,0.00,0.00,5.51,0,-8.47,0.00,25.24,Loss
Quals 36 - Shanghai Regional 2025,6494,3,6.09,0.00,0.00,0.00,4.41,0.00,0.00,0.00,0.00,2.29,2,-3.53,0.00,14.26,Loss
Quals 37 - Shanghai Regional 2025,10120,3,0.00,0.00,0.00,1.95,19.34,6.45,0.00,1.27,0.00,5.18,2,0.00,0.00,39.19,Win
Quals 37 - Shanghai Regional 2025,7002,3,0.00,0.00,0.00,1.12,11.05,3.68,0.00,0.73,0.00,2.96,2,0.00,0.00,24.54,Win
Quals 37 - Shanghai Regional 2025,7522,3,0.00,0.00,0.00,2.93,29.01,9.67,0.00,1.90,0.00,7.77,2,0.00,0.00,56.28,Win
Quals 37 - Shanghai Regional 2025,6304,3,1.84,0.00,0.00,0.00,6.56,2.08,0.00,0.00,4.72,0.00,0,-1.60,0.00,16.60,Loss
Quals 37 - Shanghai Regional 2025,9599,3,4.14,0.00,0.00,0.00,14.76,4.68,0.00,0.00,10.62,0.00,2,-3.60,0.00,35.60,Loss
Quals 37 - Shanghai Regional 2025,10486,3,0.92,0.00,0.00,0.00,3.28,1.04,0.00,0.00,2.36,0.00,2,-0.80,0.00,11.80,Loss
Quals 38 - Shanghai Regional 2025,5823,3,0.00,0.00,0.00,2.23,7.37,20.55,0.00,0.00,0.00,0.00,2,0.00,0.00,35.15,Loss
Quals 38 - Shanghai Regional 2025,7047,3,0.00,0.00,0.00,0.00,0.00,0.00,0.00,0.00,0.00,0.00,0,0.00,0.00,3.00,Loss
Quals 38 - Shanghai Regional 2025,10438,3,0.00,0.00,0.00,0.77,2.53,7.05,0.00,0.00,0.00,0.00,2,0.00,0.00,15.35,Loss
Quals 38 - Shanghai Regional 2025,5849,3,2.76,0.00,0.00,0.00,4.64,0.00,0.00,0.00,0.00,0.00,0,0.00,0.00,10.40,Win
Quals 38 - Shanghai Regional 2025,7594,0,6.90,0.00,0.00,0.00,11.60,0.00,0.00,0.00,0.00,0.00,0,0.00,0.00,18.50,Win
Quals 38 - Shanghai Regional 2025,6940,3,11.04,0.00,0.00,0.00,18.56,0.00,0.00,0.00,0.00,0.00,0,0.00,0.00,32.60,Win
Quals 39 - Shanghai Regional 2025,8015,3,0.00,0.00,0.00,2.67,19.87,0.00,1.33,1.73,7.87,0.00,2,-2.67,0.00,35.80,Loss
Quals 39 - Shanghai Regional 2025,7413,3,0.00,0.00,0.00,1.56,11.59,0.00,0.78,1.01,4.59,0.00,2,-1.56,0.00,22.97,Loss
Quals 39 - Shanghai Regional 2025,8011,3,0.00,0.00,0.00,1.78,13.24,0.00,0.89,1.16,5.24,0.00,2,-1.78,0.00,25.53,Loss
Quals 39 - Shanghai Regional 2025,6487,3,3.38,0.00,0.00,0.00,9.71,11.62,5.88,4.85,0.00,5.88,0,0.00,0.00,44.32,Win
Quals 39 - Shanghai Regional 2025,10558,3,2.84,0.00,0.00,0.00,8.15,9.76,4.94,4.08,0.00,4.94,2,0.00,0.00,39.71,Win
Quals 39 - Shanghai Regional 2025,6394,3,0.68,0.00,0.00,0.00,1.94,2.32,1.18,0.97,0.00,1.18,0,0.00,0.00,11.27,Win
Quals 40 - Shanghai Regional 2025,6706,3,0.00,0.00,0.00,0.00,16.21,5.77,0.00,0.76,0.00,0.00,0,0.00,0.00,25.74,Win
Quals 40 - Shanghai Regional 2025,10541,3,0.00,0.00,0.00,0.00,13.90,4.94,0.00,0.65,0.00,0.00,0,0.00,0.00,22.49,Win
Quals 40 - Shanghai Regional 2025,9597,3,0.00,0.00,0.00,0.00,14.59,5.19,0.00,0.69,0.00,0.00,0,0.00,0.00,23.47,Win
Quals 40 - Shanghai Regional 2025,10526,3,2.28,0.00,0.00,0.00,8.13,5.26,4.96,0.69,0.00,0.00,2,-1.98,0.00,24.34,Loss
Quals 40 - Shanghai Regional 2025,5515,3,1.54,0.00,0.00,0.00,5.49,3.55,3.35,0.47,0.00,0.00,2,-1.34,0.00,18.06,Loss
Quals 40 - Shanghai Regional 2025,10000,3,3.08,0.00,0.00,0.00,10.98,7.10,6.69,0.94,0.00,0.00,0,-2.68,0.00,29.11,Loss
Quals 41 - Shanghai Regional 2025,10016,3,0.00,0.00,2.37,0.00,0.00,7.30,1.83,3.65,0.00,0.00,2,0.00,0.00,20.15,Loss
Quals 41 - Shanghai Regional 2025,4613,3,0.00,0.00,1.53,0.00,0.00,4.70,1.17,2.35,0.00,0.00,12,0.00,0.00,24.75,Loss
Quals 41 - Shanghai Regional 2025,6433,3,0.00,0.00,0.00,0.00,0.00,0.00,0.00,0.00,0.00,0.00,2,0.00,0.00,5.00,Loss
Quals 41 - Shanghai Regional 2025,10131,3,2.81,0.00,0.00,0.00,5.01,4.03,3.06,2.44,0.00,0.00,2,0.00,0.00,22.35,Win
Quals 41 - Shanghai Regional 2025,6941,3,5.74,0.00,0.00,0.00,10.23,8.24,6.24,4.99,0.00,0.00,2,0.00,0.00,40.44,Win
Quals 41 - Shanghai Regional 2025,5449,3,5.25,0.00,0.00,0.00,9.36,7.53,5.70,4.56,0.00,0.00,12,0.00,0.00,47.40,Win
Quals 42 - Shanghai Regional 2025,6353,3,2.79,0.00,0.00,0.61,10.03,2.43,0.00,0.79,0.00,2.43,2,0.00,0.00,24.08,Loss
Quals 42 - Shanghai Regional 2025,9635,3,4.89,0.00,0.00,1.06,17.54,4.25,0.00,1.38,0.00,4.25,2,0.00,0.00,38.37,Loss
Quals 42 - Shanghai Regional 2025,5516,3,6.11,0.00,0.00,1.33,21.93,5.32,0.00,1.73,0.00,5.32,0,0.00,0.00,44.74,Loss
Quals 42 - Shanghai Regional 2025,10214,3,4.27,0.00,0.00,0.62,10.21,4.08,0.00,0.00,0.00,1.61,2,0.00,0.00,25.79,Win
Quals 42 - Shanghai Regional 2025,8214,3,8.96,0.00,0.00,1.30,21.43,8.57,0.00,0.00,0.00,3.38,2,0.00,0.00,48.64,Win
Quals 42 - Shanghai Regional 2025,8810,3,7.47,0.00,0.00,1.08,17.86,7.14,0.00,0.00,0.00,2.81,0,0.00,0.00,39.36,Win
Quals 43 - Shanghai Regional 2025,8613,3,1.95,0.00,1.10,0.00,14.01,7.81,5.01,1.10,0.00,0.00,12,0.00,0.00,45.98,Win
Quals 43 - Shanghai Regional 2025,10479,3,2.60,0.00,1.47,0.00,18.68,10.42,6.68,1.47,0.00,0.00,0,0.00,0.00,44.32,Win
Quals 43 - Shanghai Regional 2025,6414,3,2.34,0.00,1.32,0.00,16.81,9.37,6.01,1.32,0.00,0.00,2,0.00,0.00,42.17,Win
Quals 43 - Shanghai Regional 2025,6766,3,0.00,0.00,1.23,0.00,15.63,5.02,0.95,2.46,0.00,1.23,0,0.00,0.00,29.52,Loss
Quals 43 - Shanghai Regional 2025,7738,3,0.00,0.00,1.23,0.00,15.63,5.02,0.95,2.46,0.00,1.23,0,0.00,0.00,29.52,Loss
Quals 43 - Shanghai Regional 2025,6907,3,0.00,0.00,1.44,0.00,18.24,5.86,1.11,2.87,0.00,1.44,0,0.00,0.00,33.96,Loss
Quals 44 - Shanghai Regional 2025,9599,3,8.87,0.00,0.00,0.00,25.46,10.16,0.00,0.90,2.57,0.00,0,-0.90,0.00,50.06,Win
Quals 44 - Shanghai Regional 2025,7522,3,8.87,0.00,0.00,0.00,25.46,10.16,0.00,0.90,2.57,0.00,0,-0.90,0.00,50.06,Win
Quals 44 - Shanghai Regional 2025,6494,3,2.96,0.00,0.00,0.00,8.49,3.39,0.00,0.30,0.86,0.00,0,-0.30,0.00,18.70,Win
Quals 44 - Shanghai Regional 2025,6394,3,2.91,0.00,0.00,0.00,6.25,1.64,3.16,1.64,0.00,1.64,2,-0.44,0.00,21.80,Loss
Quals 44 - Shanghai Regional 2025,8011,3,5.81,0.00,0.00,0.00,12.51,3.28,6.32,3.28,0.00,3.28,12,-0.88,0.00,48.60,Loss
Quals 44 - Shanghai Regional 2025,5849,3,5.08,0.00,0.00,0.00,10.94,2.87,5.53,2.87,0.00,2.87,2,-0.77,0.00,34.39,Loss
Quals 45 - Shanghai Regional 2025,5515,3,2.23,0.00,0.00,0.97,6.40,10.27,1.94,0.00,0.00,0.00,2,-1.94,0.00,24.87,Loss
Quals 45 - Shanghai Regional 2025,10438,3,1.70,0.00,0.00,0.74,4.87,7.83,1.48,0.00,0.00,0.00,2,-1.48,0.00,20.14,Loss
Quals 45 - Shanghai Regional 2025,10120,3,2.97,0.00,0.00,1.29,8.53,13.70,2.58,0.00,0.00,0.00,2,-2.58,0.00,31.49,Loss
Quals 45 - Shanghai Regional 2025,10526,3,4.42,0.00,0.00,0.00,11.15,2.50,1.92,0.67,0.00,0.00,2,-0.67,0.00,24.99,Win
Quals 45 - Shanghai Regional 2025,9597,3,5.97,0.00,0.00,0.00,15.05,3.37,2.59,0.91,0.00,0.00,2,-0.91,0.00,31.98,Win
Quals 45 - Shanghai Regional 2025,8015,3,3.41,0.00,0.00,0.00,8.60,1.93,1.48,0.52,0.00,0.00,2,-0.52,0.00,20.42,Win
Quals 47 - Shanghai Regional 2025,10486,3,0.00,0.00,1.44,0.00,3.65,1.44,2.21,0.00,0.00,0.00,0,-3.65,0.00,8.09,Loss
Quals 47 - Shanghai Regional 2025,6353,3,0.00,0.00,2.46,0.00,6.25,2.46,3.79,0.00,0.00,0.00,2,-6.25,0.00,13.71,Loss
Quals 47 - Shanghai Regional 2025,7047,3,0.00,0.00,0.00,0.00,0.00,0.00,0.00,0.00,0.00,0.00,2,-0.00,0.00,5.00,Loss
Quals 47 - Shanghai Regional 2025,5516,3,10.36,0.00,0.00,0.00,10.36,8.21,6.16,2.95,0.00,0.00,2,0.00,0.00,43.04,Win
Quals 47 - Shanghai Regional 2025,10558,3,9.94,0.00,0.00,0.00,9.94,7.89,5.91,2.83,0.00,0.00,2,0.00,0.00,41.51,Win
Quals 47 - Shanghai Regional 2025,6941,3,14.50,0.00,0.00,0.00,14.50,11.50,8.62,4.12,0.00,0.00,2,0.00,0.00,58.24,Win
Quals 51 - Shanghai Regional 2025,7594,3,5.95,0.00,0.00,0.00,15.69,9.14,2.59,1.12,5.09,0.00,2,-1.72,0.00,42.86,Win
Quals 51 - Shanghai Regional 2025,5449,3,7.61,0.00,0.00,0.00,20.08,11.70,3.31,1.43,6.51,0.00,0,-2.21,0.00,51.43,Win
Quals 51 - Shanghai Regional 2025,9599,3,7.14,0.00,0.00,0.00,18.83,10.97,3.10,1.34,6.10,0.00,0,-2.07,0.00,48.41,Win
Quals 51 - Shanghai Regional 2025,7738,3,0.00,0.00,0.00,0.00,0.00,5.43,2.72,0.95,0.00,5.43,2,-0.95,0.00,18.58,Loss
Quals 51 - Shanghai Regional 2025,6394,3,0.00,0.00,0.00,0.00,0.00,1.81,0.91,0.32,0.00,1.81,2,-0.32,0.00,9.53,Loss
Quals 51 - Shanghai Regional 2025,5515,3,0.00,0.00,0.00,0.00,0.00,4.75,2.38,0.83,0.00,4.75,2,-0.83,0.00,16.88,Loss
Quals 52 - Shanghai Regional 2025,6304,3,2.81,0.00,0.00,0.00,12.10,3.24,0.00,1.22,0.00,0.00,0,-2.02,0.00,20.35,Win
Quals 52 - Shanghai Regional 2025,8015,3,3.61,0.00,0.00,0.00,15.55,4.16,0.00,1.57,0.00,0.00,2,-2.59,0.00,27.30,Win
Quals 52 - Shanghai Regional 2025,6941,3,7.38,0.00,0.00,0.00,31.75,8.50,0.00,3.21,0.00,0.00,2,-5.29,0.00,50.55,Win
Quals 52 - Shanghai Regional 2025,6494,3,4.60,0.00,0.00,0.00,13.20,0.87,0.00,0.00,0.00,0.00,2,-0.87,0.00,22.80,Loss
Quals 52 - Shanghai Regional 2025,5516,3,11.50,0.00,0.00,0.00,33.00,2.17,0.00,0.00,0.00,0.00,0,-2.17,0.00,47.50,Loss
Quals 52 - Shanghai Regional 2025,5849,3,4.60,0.00,0.00,0.00,13.20,0.87,0.00,0.00,0.00,0.00,2,-0.87,0.00,22.80,Loss
Quals 53 - Shanghai Regional 2025,10131,3,3.21,0.00,0.00,0.00,13.80,3.69,0.70,0.49,0.00,0.00,2,-1.39,0.00,25.50,Win
Quals 53 - Shanghai Regional 2025,10479,3,4.99,0.00,0.00,0.00,21.46,5.74,1.08,0.76,0.00,0.00,2,-2.17,0.00,36.86,Win
Quals 53 - Shanghai Regional 2025,7522,3,5.61,0.00,0.00,0.00,24.14,6.46,1.22,0.85,0.00,0.00,0,-2.44,0.00,38.84,Win
Quals 53 - Shanghai Regional 2025,7047,3,0.00,0.00,0.00,0.00,0.00,0.00,0.00,0.00,0.00,0.00,2,0.00,0.00,5.00,Loss
Quals 53 - Shanghai Regional 2025,10526,3,4.76,0.00,0.00,0.00,24.00,5.38,0.00,0.00,0.00,0.00,2,0.00,0.00,39.14,Loss
Quals 53 - Shanghai Regional 2025,7413,3,2.14,0.00,0.00,0.00,10.80,2.42,0.00,0.00,0.00,0.00,0,0.00,0.00,18.36,Loss
Quals 54 - Shanghai Regional 2025,8613,3,1.80,1.57,1.02,0.00,7.75,5.17,4.62,2.03,0.00,0.00,12,0.00,0.00,38.96,Win
Quals 54 - Shanghai Regional 2025,9597,3,2.70,2.35,1.53,0.00,11.62,7.75,6.93,3.05,0.00,0.00,2,0.00,0.00,40.93,Win
Quals 54 - Shanghai Regional 2025,10016,3,2.40,2.09,1.36,0.00,10.33,6.89,6.16,2.71,0.00,0.00,0,0.00,0.00,34.94,Win
Quals 54 - Shanghai Regional 2025,8011,3,2.30,0.00,0.00,0.00,11.60,4.00,0.00,2.60,0.00,0.00,12,-0.70,0.00,34.80,Loss
Quals 54 - Shanghai Regional 2025,7002,3,2.30,0.00,0.00,0.00,11.60,4.00,0.00,2.60,0.00,0.00,0,-0.70,0.00,22.80,Loss
Quals 54 - Shanghai Regional 2025,6353,3,2.30,0.00,0.00,0.00,11.60,4.00,0.00,2.60,0.00,0.00,2,-0.70,0.00,24.80,Loss
Quals 56 - Shanghai Regional 2025,10541,3,6.90,0.00,0.00,0.00,18.20,13.20,1.00,0.70,0.00,0.00,12,-0.70,0.00,54.30,Win
Quals 56 - Shanghai Regional 2025,6940,3,9.66,0.00,0.00,0.00,25.48,18.48,1.40,0.98,0.00,0.00,12,-0.98,0.00,70.02,Win
Quals 56 - Shanghai Regional 2025,7738,3,4.14,0.00,0.00,0.00,10.92,7.92,0.60,0.42,0.00,0.00,2,-0.42,0.00,28.58,Win
Quals 56 - Shanghai Regional 2025,10120,3,2.13,0.00,0.00,0.00,15.29,4.91,0.00,0.00,0.00,0.00,12,0.00,0.00,37.33,Loss
Quals 56 - Shanghai Regional 2025,10214,3,1.22,0.00,0.00,0.00,8.74,2.81,0.00,0.00,0.00,0.00,2,0.00,0.00,17.77,Loss
Quals 56 - Shanghai Regional 2025,6706,3,3.55,0.00,0.00,0.00,25.48,8.18,0.00,0.00,0.00,0.00,0,0.00,0.00,40.21,Loss
Quals 57 - Shanghai Regional 2025,8810,3,2.41,2.10,1.36,0.00,19.11,6.93,6.20,0.00,8.29,2.73,2,-2.10,0.00,52.03,Win
Quals 57 - Shanghai Regional 2025,9635,3,2.41,2.10,1.36,0.00,19.11,6.93,6.20,0.00,8.29,2.73,2,-2.10,0.00,52.03,Win
Quals 57 - Shanghai Regional 2025,4613,3,2.07,1.80,1.17,0.00,16.38,5.94,5.31,0.00,7.11,2.34,12,-1.80,0.00,55.32,Win
Quals 57 - Shanghai Regional 2025,10438,3,1.69,0.00,0.00,0.00,3.67,4.85,0.00,0.96,2.94,2.94,2,0.00,0.00,22.05,Loss
Quals 57 - Shanghai Regional 2025,10486,0,0.99,0.00,0.00,0.00,2.14,2.83,0.00,0.56,1.71,1.71,0,0.00,0.00,9.94,Loss
Quals 57 - Shanghai Regional 2025,6487,3,4.22,0.00,0.00,0.00,9.18,12.12,0.00,2.39,7.35,7.35,2,0.00,0.00,47.61,Loss
Quals 58 - Shanghai Regional 2025,6433,3,0.00,0.00,0.00,0.00,0.00,0.00,0.00,0.00,0.00,0.00,2,-0.00,0.00,5.00,Loss
Quals 58 - Shanghai Regional 2025,5849,3,0.00,0.00,0.00,0.00,0.00,0.00,0.00,0.00,8.85,0.00,2,-6.00,0.00,7.85,Loss
Quals 58 - Shanghai Regional 2025,7413,3,0.00,0.00,0.00,0.00,0.00,0.00,0.00,0.00,8.85,0.00,2,-6.00,0.00,7.85,Loss
Quals 58 - Shanghai Regional 2025,6766,3,0.00,0.00,0.00,0.00,6.55,5.27,0.80,1.60,0.00,3.20,2,0.00,0.00,22.42,Win
Quals 58 - Shanghai Regional 2025,7594,0,0.00,0.00,0.00,0.00,9.55,7.69,1.17,2.33,0.00,4.66,0,0.00,0.00,25.40,Win
Quals 58 - Shanghai Regional 2025,10526,3,0.00,0.00,0.00,0.00,8.49,6.84,1.04,2.07,0.00,4.14,2,0.00,0.00,27.58,Win
